{"cameraMode":{"drawMode":0,"name":"Shaded","section":"Shading Mode"},"sceneLighting":true,"audioPlay":false,"sceneViewState":{"showFog":true,"showMaterialUpdate":true,"showSkybox":true,"showFlares":true,"showImageEffects":true,"showParticleSystems":true},"in2DMode":false,"pivot":{"x":807.3062744140625,"y":163.958984375,"z":126.642822265625},"rotation":{"x":-0.33426740765571597,"y":-0.006726582068949938,"z":0.002388757187873125,"w":-0.9424512982368469},"size":2267.8837890625,"orthographic":false}