{"cameraMode":{"drawMode":0,"name":"Shaded","section":"Shading Mode"},"sceneLighting":true,"audioPlay":false,"sceneViewState":{"showFog":true,"showMaterialUpdate":true,"showSkybox":false,"showFlares":true,"showImageEffects":true,"showParticleSystems":true},"in2DMode":false,"pivot":{"x":18.676856994628908,"y":0.22844187915325166,"z":4.021361351013184},"rotation":{"x":-0.058475062251091,"y":-0.8669957518577576,"z":0.10482700914144516,"w":-0.4836426377296448},"size":1.357050895690918,"orthographic":false}