{"cameraMode":{"drawMode":0,"name":"Shaded","section":"Shading Mode"},"sceneLighting":false,"audioPlay":false,"sceneViewState":{"showFog":true,"showMaterialUpdate":true,"showSkybox":false,"showFlares":true,"showImageEffects":true,"showParticleSystems":true},"in2DMode":false,"pivot":{"x":0.0,"y":0.14337465167045594,"z":-0.01453949511051178},"rotation":{"x":0.41939881443977358,"y":0.1714097261428833,"z":-0.08097890019416809,"w":0.8877870440483093},"size":0.6178460717201233,"orthographic":false}